username,password,owner_username,AddressID,street1,street2,city,state,zip,description,latitude,longitude,first_name,last_name,phone,email,bedrooms,square_footage,rent_price,deposit_price,pets_allowed,pets_deposit,ada_accessible,available_date,lease_terms,manager_name,manager_phone,manager_email
kennethmartinez@example.com,1CA37.7749-122.4194,EricWilliams,1,123 Elm Street,,San Francisco,CA,94101,,37.7749,-122.4194,Eric,Williams,+1-305-353-0387,kennethmartinez@example.com,5,2616,2362,3543,True,500,True,2024-06-01,1 year,Eric,+1-305-353-0387,kennethmartinez@example.com
kevin18@example.com,2CA37.8044-122.2712,SaraDavis,2,456 Oak Avenue,,Oakland,CA,94607,,37.8044,-122.2712,Sara,Davis,769-554-0365,kevin18@example.com,4,1315,2467,3700.5,True,500,True,2024-06-01,1 year,Sara,769-554-0365,kevin18@example.com
erin67@example.net,3CA37.8715-122.273,YvonneRandolph,3,789 Maple Drive,,Berkeley,CA,94704,,37.8715,-122.273,Yvonne,Randolph,745-786-6184x4108,erin67@example.net,1,936,2450,3675,True,500,True,2024-06-01,1 year,Yvonne,745-786-6184x4108,erin67@example.net
diana99@example.com,4CA37.3382-121.8863,ChristopherHolloway,4,101 Pine Lane,,San Jose,CA,95112,,37.3382,-121.8863,Christopher,Holloway,001-542-202-7612,diana99@example.com,3,3609,2499,3748.5,True,500,True,2024-06-01,1 year,Christopher,001-542-202-7612,diana99@example.com
arianawright@example.org,5CA37.4419-122.143,LaurenNeal,5,202 Cedar Road,,Palo Alto,CA,94301,,37.4419,-122.143,Lauren,Neal,377.653.2709x4201,arianawright@example.org,2,1709,3799,5698.5,True,500,True,2024-06-01,1 year,Lauren,377.653.2709x4201,arianawright@example.org
veronica75@example.net,6CA37.6879-122.4702,TylerHill,6,303 Birch Boulevard,,Daly City,CA,94014,,37.6879,-122.4702,Tyler,Hill,886-513-7186x9622,veronica75@example.net,4,1871,2728,4092,True,500,True,2024-06-01,1 year,Tyler,886-513-7186x9622,veronica75@example.net
katherine15@example.net,7CA37.3861-122.0839,JamesTran,7,404 Spruce Street,,Mountain View,CA,94040,,37.3861,-122.0839,James,Tran,+1-372-941-4430x0984,katherine15@example.net,2,1274,2210,3315,True,500,True,2024-06-01,1 year,James,+1-372-941-4430x0984,katherine15@example.net
ryan53@example.org,8CA37.3688-122.0363,JamesVazquez,8,505 Willow Way,,Sunnyvale,CA,94085,,37.3688,-122.0363,James,Vazquez,486.987.8331x097,ryan53@example.org,5,1431,2995,4492.5,True,500,True,2024-06-01,1 year,James,486.987.8331x097,ryan53@example.org
lawrence61@example.org,9CA37.3541-121.9552,RickyCooke,9,606 Ash Court,,Santa Clara,CA,95050,,37.3541,-121.9552,Ricky,Cooke,(252)891-3641x33372,lawrence61@example.org,1,1394,2070,3105,True,500,True,2024-06-01,1 year,Ricky,(252)891-3641x33372,lawrence61@example.org
xlyons@example.com,10CA37.5483-121.9886,EricRichard,10,707 Redwood Road,,Fremont,CA,94536,,37.5483,-121.9886,Eric,Richard,912-513-1552,xlyons@example.com,5,3781,2775,4162.5,True,500,True,2024-06-01,1 year,Eric,912-513-1552,xlyons@example.com
bedwards@example.com,11CA37.6688-122.0814,AngelaEllis,11,808 Cypress Street,,Hayward,CA,94541,,37.6688,-122.0814,Angela,Ellis,335-586-5478,bedwards@example.com,3,3798,3300,4950,True,500,True,2024-06-01,1 year,Angela,335-586-5478,bedwards@example.com
zgarner@example.org,12CA37.7652-122.2416,ChristopherMarshall,12,909 Fir Avenue,,Alameda,CA,94501,,37.7652,-122.2416,Christopher,Marshall,809.942.5987,zgarner@example.org,3,1571,3095,4642.5,True,500,True,2024-06-01,1 year,Christopher,809.942.5987,zgarner@example.org
mward@example.com,13CA37.4852-122.2364,DeniseReyes,13,111 Poplar Drive,,Redwood City,CA,94061,,37.4852,-122.2364,Denise,Reyes,(608)319-6587,mward@example.com,3,1096,6500,9750,True,500,True,2024-06-01,1 year,Denise,(608)319-6587,mward@example.com
robinsonelizabeth@example.org,14CA37.563-122.3255,MelissaRichard,14,222 Palm Lane,,San Mateo,CA,94401,,37.563,-122.3255,Melissa,Richard,001-553-207-2735,robinsonelizabeth@example.org,1,1220,1598,2397,True,500,True,2024-06-01,1 year,Melissa,001-553-207-2735,robinsonelizabeth@example.org
piercefrancisco@example.net,15CA37.5841-122.3661,BridgetWilson,15,333 Alder Road,,Burlingame,CA,94010,,37.5841,-122.3661,Bridget,Wilson,413-992-3899x99236,piercefrancisco@example.net,5,1940,3165,4747.5,True,500,True,2024-06-01,1 year,Bridget,413-992-3899x99236,piercefrancisco@example.net
hinesjoseph@example.com,16CA37.453-122.1817,ChristinaMcintyre,16,444 Dogwood Street,,Menlo Park,CA,94025,,37.453,-122.1817,Christina,Mcintyre,(471)747-4057,hinesjoseph@example.com,5,3851,1150,1725,True,500,True,2024-06-01,1 year,Christina,(471)747-4057,hinesjoseph@example.com
ramoscharles@example.com,17CA37.3229-122.0322,KatelynNorton,17,555 Hickory Avenue,,Cupertino,CA,95014,,37.3229,-122.0322,Katelyn,Norton,001-324-650-4827,ramoscharles@example.com,2,2755,3000,4500,True,500,True,2024-06-01,1 year,Katelyn,001-324-650-4827,ramoscharles@example.com
tyler55@example.com,18CA37.4323-121.8996,JasonGarcia,18,666 Magnolia Drive,,Milpitas,CA,95035,,37.4323,-121.8996,Jason,Garcia,6286339858,tyler55@example.com,3,2345,2915,4372.5,True,500,True,2024-06-01,1 year,Jason,6286339858,tyler55@example.com
james05@example.com,19CA37.5934-122.0438,ChristopherParker,19,777 Chestnut Lane,,Union City,CA,94587,,37.5934,-122.0438,Christopher,Parker,358.864.4303,james05@example.com,4,2237,2799,4198.5,True,500,True,2024-06-01,1 year,Christopher,358.864.4303,james05@example.com
hharvey@example.net,20CA37.6819-121.768,TylerThompson,20,888 Acacia Court,,Livermore,CA,94550,,37.6819,-121.768,Tyler,Thompson,434.639.1944,hharvey@example.net,3,3396,3661,5491.5,True,500,True,2024-06-01,1 year,Tyler,434.639.1944,hharvey@example.net
nashkimberly@example.org,21CA37.6624-121.8747,RebeccaBowman,21,999 Juniper Road,,Pleasanton,CA,94566,,37.6624,-121.8747,Rebecca,Bowman,(565)836-9100x1449,nashkimberly@example.org,2,1321,1650,2475,True,500,True,2024-06-01,1 year,Rebecca,(565)836-9100x1449,nashkimberly@example.org
sarah41@example.org,22CA37.7022-121.9358,EricClark,22,1210 Laurel Street,,Dublin,CA,94568,,37.7022,-121.9358,Eric,Clark,(283)247-0489x957,sarah41@example.org,2,831,1845,2767.5,True,500,True,2024-06-01,1 year,Eric,(283)247-0489x957,sarah41@example.org
davisaaron@example.com,23CA37.7249-122.1561,MichealStout,23,1311 Bay Road,,San Leandro,CA,94577,,37.7249,-122.1561,Micheal,Stout,001-559-207-1740x7613,davisaaron@example.com,4,2081,2992,4488,True,500,True,2024-06-01,1 year,Micheal,001-559-207-1740x7613,davisaaron@example.com
brian69@example.com,24CA37.9063-122.0649,SarahWalker,24,1412 Creek Street,,Walnut Creek,CA,94596,,37.9063,-122.0649,Sarah,Walker,969-487-6898x71257,brian69@example.com,5,3947,2050,3075,True,500,True,2024-06-01,1 year,Sarah,969-487-6898x71257,brian69@example.com
caseykelly@example.org,25CA37.9358-122.3477,LindaMiller,25,1513 Hilltop Avenue,,Richmond,CA,94801,,37.9358,-122.3477,Linda,Miller,+1-638-984-5548x90275,caseykelly@example.org,5,2572,2760,4140,True,500,True,2024-06-01,1 year,Linda,+1-638-984-5548x90275,caseykelly@example.org
tonyamarshall@example.com,26CA37.9774-122.0311,LisaTaylor,26,1614 Valley Drive,,Concord,CA,94521,,37.9774,-122.0311,Lisa,Taylor,783.470.1979x414,tonyamarshall@example.com,3,3248,2261,3391.5,True,500,True,2024-06-01,1 year,Lisa,783.470.1979x414,tonyamarshall@example.com
tstephens@example.net,27CA38.0049-121.8058,ThomasTaylor,27,1715 Garden Lane,,Antioch,CA,94509,,38.0049,-121.8058,Thomas,Taylor,488.760.8195,tstephens@example.net,1,2122,1900,2850,True,500,True,2024-06-01,1 year,Thomas,488.760.8195,tstephens@example.net
latashafreeman@example.com,28CA38.0279-121.8847,AmberMckinney,28,1816 River Road,,Pittsburg,CA,94565,,38.0279,-121.8847,Amber,Mckinney,303.431.3077x5513,latashafreeman@example.com,4,2572,2850,4275,True,500,True,2024-06-01,1 year,Amber,303.431.3077x5513,latashafreeman@example.com
matthew75@example.org,29CA37.9319-121.6958,DianaLove,29,1917 Forest Street,,Brentwood,CA,94513,,37.9319,-121.6958,Diana,Love,(218)338-0387x84920,matthew75@example.org,5,2013,2478,3717,True,500,True,2024-06-01,1 year,Diana,(218)338-0387x84920,matthew75@example.org
barbara51@example.com,30CA38.0194-122.1341,PatrickMartin,30,2018 Lake Avenue,,Martinez,CA,94553,,38.0194,-122.1341,Patrick,Martin,(526)570-7519x606,barbara51@example.com,5,1635,2599,3898.5,True,500,True,2024-06-01,1 year,Patrick,(526)570-7519x606,barbara51@example.com
zjimenez@example.org,31CA37.7799-121.978,GregoryJohnson,31,2119 Meadow Lane,,San Ramon,CA,94582,,37.7799,-121.978,Gregory,Johnson,001-796-522-3496x6137,zjimenez@example.org,1,1870,4260,6390,True,500,True,2024-06-01,1 year,Gregory,001-796-522-3496x6137,zjimenez@example.org
john21@example.com,32CA37.8216-121.9998,JasmineFord,32,2220 Park Road,,Danville,CA,94526,,37.8216,-121.9998,Jasmine,Ford,751.281.1142x250,john21@example.com,5,3205,2172,3258,True,500,True,2024-06-01,1 year,Jasmine,751.281.1142x250,john21@example.com
eellis@example.com,33CA37.8858-122.118,JuanHurley,33,2321 Grove Street,,Lafayette,CA,94549,,37.8858,-122.118,Juan,Hurley,(821)571-8393x58954,eellis@example.com,2,1461,2584,3876,True,500,True,2024-06-01,1 year,Juan,(821)571-8393x58954,eellis@example.com
ericharrell@example.org,34CA37.877-122.1797,GaryJennings,34,2422 Ridge Road,,Orinda,CA,94563,,37.877,-122.1797,Gary,Jennings,+1-859-489-5843,ericharrell@example.org,4,2663,1595,2392.5,True,500,True,2024-06-01,1 year,Gary,+1-859-489-5843,ericharrell@example.org
victorsilva@example.com,35CA37.8349-122.1297,KaraShepard,35,2523 Shore Drive,,Moraga,CA,94556,,37.8349,-122.1297,Kara,Shepard,(762)568-5833x676,victorsilva@example.com,3,806,2125,3187.5,True,500,True,2024-06-01,1 year,Kara,(762)568-5833x676,victorsilva@example.com
pwade@example.org,36CA38.0171-122.2886,MicheleBennett,36,2624 Harbor Avenue,,Hercules,CA,94547,,38.0171,-122.2886,Michele,Bennett,226-495-6712,pwade@example.org,3,2224,3175,4762.5,True,500,True,2024-06-01,1 year,Michele,226-495-6712,pwade@example.org
kellihamilton@example.org,37CA37.9158-122.3108,DavidJimenez,37,2725 Summit Street,,El Cerrito,CA,94530,,37.9158,-122.3108,David,Jimenez,4245101430,kellihamilton@example.org,4,765,2006,3009,True,500,True,2024-06-01,1 year,David,4245101430,kellihamilton@example.org
williamjones@example.com,38CA37.8869-122.2977,DanielPitts,38,2826 Vista Road,,Albany,CA,94706,,37.8869,-122.2977,Daniel,Pitts,220.979.5781,williamjones@example.com,4,1908,2557,3835.5,True,500,True,2024-06-01,1 year,Daniel,220.979.5781,williamjones@example.com
johnsondeborah@example.com,39CA37.8313-122.2852,KaraReid,39,2927 Field Avenue,,Emeryville,CA,94608,,37.8313,-122.2852,Kara,Reid,001-942-884-1875x30797,johnsondeborah@example.com,3,738,2445,3667.5,True,500,True,2024-06-01,1 year,Kara,001-942-884-1875x30797,johnsondeborah@example.com
amartin@example.org,40CA38.0041-122.2986,JasonMorgan,40,3028 Desert Lane,,Pinole,CA,94564,,38.0041,-122.2986,Jason,Morgan,318.827.0097,amartin@example.org,1,1745,2855,4282.5,True,500,True,2024-06-01,1 year,Jason,318.827.0097,amartin@example.org
garciawayne@example.com,41CA37.9622-122.3455,KyleAlvarez,41,3129 Cliff Road,,San Pablo,CA,94806,,37.9622,-122.3455,Kyle,Alvarez,542-989-4236,garciawayne@example.com,3,2969,2725,4087.5,True,500,True,2024-06-01,1 year,Kyle,542-989-4236,garciawayne@example.com
beardangela@example.net,42CA37.9106-122.274,JocelynPerez,42,3230 Woodland Street,,Kensington,CA,94707,,37.9106,-122.274,Jocelyn,Perez,(651)993-0046x07911,beardangela@example.net,2,2896,2001,3001.5,True,500,True,2024-06-01,1 year,Jocelyn,(651)993-0046x07911,beardangela@example.net
xmullen@example.org,43CA37.8869-122.2977,MelissaCohen,43,3331 Mountain Avenue,,Albany,CA,94706,,37.8869,-122.2977,Melissa,Cohen,(374)572-6757x7074,xmullen@example.org,4,2399,2889,4333.5,True,500,True,2024-06-01,1 year,Melissa,(374)572-6757x7074,xmullen@example.org
johnsonmichelle@example.org,44CA37.7652-122.2416,RobertRobinson,44,3432 Island Road,,Alameda,CA,94501,,37.7652,-122.2416,Robert,Robinson,399.956.6927x78721,johnsonmichelle@example.org,1,2237,2681,4021.5,True,500,True,2024-06-01,1 year,Robert,399.956.6927x78721,johnsonmichelle@example.org
rebecca09@example.com,45CA37.8244-122.2316,RichardJimenez,45,3533 Forest Lane,,Piedmont,CA,94611,,37.8244,-122.2316,Richard,Jimenez,+1-563-783-6376,rebecca09@example.com,3,2240,1448,2172,True,500,True,2024-06-01,1 year,Richard,+1-563-783-6376,rebecca09@example.com
richardhopkins@example.com,46CA37.7652-122.2416,DawnKennedy,46,3634 Garden Road,,Alameda,CA,94501,,37.7652,-122.2416,Dawn,Kennedy,903-768-6776,richardhopkins@example.com,1,2471,1642,2463,True,500,True,2024-06-01,1 year,Dawn,903-768-6776,richardhopkins@example.com
brenda72@example.org,47CA37.5072-122.2605,DavidContreras,47,3735 Meadow Street,,San Carlos,CA,94070,,37.5072,-122.2605,David,Contreras,001-228-674-6138x22153,brenda72@example.org,1,623,960,1440,True,500,True,2024-06-01,1 year,David,001-228-674-6138x22153,brenda72@example.org
lindsey17@example.net,48CA37.52-122.2758,LisaHenderson,48,3836 Valley Avenue,,Belmont,CA,94002,,37.52,-122.2758,Lisa,Henderson,368.613.0045x50810,lindsey17@example.net,5,1440,2964,4446,True,500,True,2024-06-01,1 year,Lisa,368.613.0045x50810,lindsey17@example.net
steelehailey@example.com,49CA37.6808-122.3997,HeidiBerg,49,3937 Pine Lane,,Brisbane,CA,94005,,37.6808,-122.3997,Heidi,Berg,(228)727-6901x338,steelehailey@example.com,4,3052,3440,5160,True,500,True,2024-06-01,1 year,Heidi,(228)727-6901x338,steelehailey@example.com
garnergeorge@example.net,50CA37.6547-122.4077,LisaAndrews,50,4038 Redwood Road,,South San Francisco,CA,94080,,37.6547,-122.4077,Lisa,Andrews,(559)648-5098,garnergeorge@example.net,5,1059,3256,4884,True,500,True,2024-06-01,1 year,Lisa,(559)648-5098,garnergeorge@example.net
patriciabutler@example.org,51CA37.5985-122.3871,ElizabethWolfe,51,4139 Maple Drive,,Millbrae,CA,94030,,37.5985,-122.3871,Elizabeth,Wolfe,+1-771-810-7931x96848,patriciabutler@example.org,5,2638,2717,4075.5,True,500,True,2024-06-01,1 year,Elizabeth,+1-771-810-7931x96848,patriciabutler@example.org
ywaters@example.org,52CA37.5841-122.3661,MichaelWilson,52,4240 Elm Street,,Burlingame,CA,94010,,37.5841,-122.3661,Michael,Wilson,+1-407-443-2563x18677,ywaters@example.org,4,3092,3037,4555.5,True,500,True,2024-06-01,1 year,Michael,+1-407-443-2563x18677,ywaters@example.org
jcox@example.net,53CA37.6305-122.4111,JoanDominguez,53,4341 Cedar Avenue,,San Bruno,CA,94066,,37.6305,-122.4111,Joan,Dominguez,(764)568-6748x9087,jcox@example.net,2,2879,4261,6391.5,True,500,True,2024-06-01,1 year,Joan,(764)568-6748x9087,jcox@example.net
mguerrero@example.com,54CA37.6138-122.4869,RobertBowers,54,4442 Oak Lane,,Pacifica,CA,94044,,37.6138,-122.4869,Robert,Bowers,6612100180,mguerrero@example.com,4,1314,3385,5077.5,True,500,True,2024-06-01,1 year,Robert,6612100180,mguerrero@example.com
bianca02@example.net,55CA37.4636-122.4286,KristinaMoore,55,4543 Spruce Road,,Half Moon Bay,CA,94019,,37.4636,-122.4286,Kristina,Moore,550.769.2894,bianca02@example.net,5,1337,2600,3900,True,500,True,2024-06-01,1 year,Kristina,550.769.2894,bianca02@example.net
martha31@example.org,56CA37.7749-122.4194,PaulHaley,56,4644 Palm Drive,,San Francisco,CA,94101,,37.7749,-122.4194,Paul,Haley,(556)767-0607x170,martha31@example.org,5,1681,2675,4012.5,True,500,True,2024-06-01,1 year,Paul,(556)767-0607x170,martha31@example.org
lloydjoseph@example.org,57CA37.8044-122.2712,OliviaMiller,57,4745 Pine Lane,,Oakland,CA,94607,,37.8044,-122.2712,Olivia,Miller,(813)534-6531,lloydjoseph@example.org,2,2868,1625,2437.5,True,500,True,2024-06-01,1 year,Olivia,(813)534-6531,lloydjoseph@example.org
moorealyssa@example.org,58CA37.8715-122.273,MatthewSmith,58,4846 Cypress Street,,Berkeley,CA,94704,,37.8715,-122.273,Matthew,Smith,(959)619-8103x2918,moorealyssa@example.org,1,3248,3400,5100,True,500,True,2024-06-01,1 year,Matthew,(959)619-8103x2918,moorealyssa@example.org
dhernandez@example.org,59CA37.3382-121.8863,MatthewPerez,59,4947 Redwood Road,,San Jose,CA,95112,,37.3382,-121.8863,Matthew,Perez,299.894.3921x4350,dhernandez@example.org,5,1789,12500,18750,True,500,True,2024-06-01,1 year,Matthew,299.894.3921x4350,dhernandez@example.org
inguyen@example.org,60CA37.4419-122.143,CharlesSmith,60,5048 Maple Drive,,Palo Alto,CA,94301,,37.4419,-122.143,Charles,Smith,001-548-697-3369,inguyen@example.org,2,2551,7200,10800,True,500,True,2024-06-01,1 year,Charles,001-548-697-3369,inguyen@example.org
odavis@example.org,61CA37.6879-122.4702,TanyaRangel,61,5149 Elm Street,,Daly City,CA,94014,,37.6879,-122.4702,Tanya,Rangel,001-585-219-1881x3188,odavis@example.org,4,2138,2445,3667.5,True,500,True,2024-06-01,1 year,Tanya,001-585-219-1881x3188,odavis@example.org
faguilar@example.org,62CA37.3861-122.0839,BrendaBrown,62,5250 Oak Lane,,Mountain View,CA,94040,,37.3861,-122.0839,Brenda,Brown,510.584.9793,faguilar@example.org,1,2998,2650,3975,True,500,True,2024-06-01,1 year,Brenda,510.584.9793,faguilar@example.org
ypeters@example.org,63CA37.3688-122.0363,SamanthaButler,63,5351 Birch Avenue,,Sunnyvale,CA,94085,,37.3688,-122.0363,Samantha,Butler,542.990.3792,ypeters@example.org,3,564,4198,6297,True,500,True,2024-06-01,1 year,Samantha,542.990.3792,ypeters@example.org
clambert@example.net,64CA37.3541-121.9552,CharleneHatfield,64,5452 Spruce Road,,Santa Clara,CA,95050,,37.3541,-121.9552,Charlene,Hatfield,375-826-0088,clambert@example.net,3,2297,3588,5382,True,500,True,2024-06-01,1 year,Charlene,375-826-0088,clambert@example.net
millerpatrick@example.net,65CA37.5483-121.9886,DanielStewart,65,5553 Redwood Road,,Fremont,CA,94536,,37.5483,-121.9886,Daniel,Stewart,913.836.1570x219,millerpatrick@example.net,3,944,2455,3682.5,True,500,True,2024-06-01,1 year,Daniel,913.836.1570x219,millerpatrick@example.net
wilcoxkaren@example.org,66CA37.6688-122.0814,MatthewPeters,66,5654 Cypress Street,,Hayward,CA,94541,,37.6688,-122.0814,Matthew,Peters,+1-309-759-7892x1207,wilcoxkaren@example.org,4,731,2400,3600,True,500,True,2024-06-01,1 year,Matthew,+1-309-759-7892x1207,wilcoxkaren@example.org
robertgonzalez@example.org,67CA37.7652-122.2416,MichaelOrozco,67,5755 Fir Avenue,,Alameda,CA,94501,,37.7652,-122.2416,Michael,Orozco,462-414-9613,robertgonzalez@example.org,1,2330,3299,4948.5,True,500,True,2024-06-01,1 year,Michael,462-414-9613,robertgonzalez@example.org
joshuaanderson@example.com,68CA37.4852-122.2364,LoriMitchell,68,5856 Poplar Drive,,Redwood City,CA,94061,,37.4852,-122.2364,Lori,Mitchell,490-456-5965,joshuaanderson@example.com,4,1493,2125,3187.5,True,500,True,2024-06-01,1 year,Lori,490-456-5965,joshuaanderson@example.com
christopher22@example.com,69CA37.563-122.3255,PaulHopkins,69,5957 Palm Lane,,San Mateo,CA,94401,,37.563,-122.3255,Paul,Hopkins,9553693825,christopher22@example.com,5,3603,2100,3150,True,500,True,2024-06-01,1 year,Paul,9553693825,christopher22@example.com
cathycoleman@example.org,70CA37.5841-122.3661,DonaldPerkins,70,6058 Alder Road,,Burlingame,CA,94010,,37.5841,-122.3661,Donald,Perkins,001-853-389-9402x04361,cathycoleman@example.org,3,3256,1845,2767.5,True,500,True,2024-06-01,1 year,Donald,001-853-389-9402x04361,cathycoleman@example.org
williammendez@example.net,71CA37.453-122.1817,EarlWilson,71,6159 Dogwood Street,,Menlo Park,CA,94025,,37.453,-122.1817,Earl,Wilson,997-549-0053,williammendez@example.net,2,610,1695,2542.5,True,500,True,2024-06-01,1 year,Earl,997-549-0053,williammendez@example.net
samanthaflores@example.net,72CA37.3229-122.0322,ClintonCampos,72,6260 Hickory Avenue,,Cupertino,CA,95014,,37.3229,-122.0322,Clinton,Campos,(547)717-2121x03104,samanthaflores@example.net,1,2875,1925,2887.5,True,500,True,2024-06-01,1 year,Clinton,(547)717-2121x03104,samanthaflores@example.net
hpeters@example.net,73CA37.4323-121.8996,JamesKing,73,6361 Magnolia Drive,,Milpitas,CA,95035,,37.4323,-121.8996,James,King,001-869-361-6886x28456,hpeters@example.net,2,967,1295,1942.5,True,500,True,2024-06-01,1 year,James,001-869-361-6886x28456,hpeters@example.net
kevin89@example.net,74CA37.5934-122.0438,TiffanyBishop,74,6462 Chestnut Lane,,Union City,CA,94587,,37.5934,-122.0438,Tiffany,Bishop,001-424-635-4280x4555,kevin89@example.net,2,1093,4495,6742.5,True,500,True,2024-06-01,1 year,Tiffany,001-424-635-4280x4555,kevin89@example.net
robertbryant@example.com,75CA37.6819-121.768,SamuelSmith,75,6563 Acacia Court,,Livermore,CA,94550,,37.6819,-121.768,Samuel,Smith,9895336054,robertbryant@example.com,4,3709,1595,2392.5,True,500,True,2024-06-01,1 year,Samuel,9895336054,robertbryant@example.com
dgreen@example.com,76CA37.6624-121.8747,ChristopherPorter,76,6664 Juniper Road,,Pleasanton,CA,94566,,37.6624,-121.8747,Christopher,Porter,001-361-541-6311x911,dgreen@example.com,1,991,2695,4042.5,True,500,True,2024-06-01,1 year,Christopher,001-361-541-6311x911,dgreen@example.com
gracevega@example.net,77CA37.7022-121.9358,MercedesSoto,77,6765 Laurel Street,,Dublin,CA,94568,,37.7022,-121.9358,Mercedes,Soto,739.594.6381,gracevega@example.net,5,2975,1595,2392.5,True,500,True,2024-06-01,1 year,Mercedes,739.594.6381,gracevega@example.net
matthewnolan@example.com,78CA37.7249-122.1561,MarilynJames,78,6866 Bay Road,,San Leandro,CA,94577,,37.7249,-122.1561,Marilyn,James,(594)204-4303,matthewnolan@example.com,2,1615,3895,5842.5,True,500,True,2024-06-01,1 year,Marilyn,(594)204-4303,matthewnolan@example.com
stephanie96@example.org,79CA37.9063-122.0649,MelissaRomero,79,6967 Creek Street,,Walnut Creek,CA,94596,,37.9063,-122.0649,Melissa,Romero,001-397-943-0468x1733,stephanie96@example.org,3,3320,1795,2692.5,True,500,True,2024-06-01,1 year,Melissa,001-397-943-0468x1733,stephanie96@example.org
austinjordan@example.net,80CA37.9358-122.3477,MariaNguyen,80,7068 Hilltop Avenue,,Richmond,CA,94801,,37.9358,-122.3477,Maria,Nguyen,606-257-1168,austinjordan@example.net,5,1492,1695,2542.5,True,500,True,2024-06-01,1 year,Maria,606-257-1168,austinjordan@example.net
johnsonjanet@example.net,81CA37.9774-122.0311,MariahMarshall,81,7169 Valley Drive,,Concord,CA,94521,,37.9774,-122.0311,Mariah,Marshall,741-817-1780,johnsonjanet@example.net,1,1784,1695,2542.5,True,500,True,2024-06-01,1 year,Mariah,741-817-1780,johnsonjanet@example.net
diazkimberly@example.com,82CA38.0049-121.8058,TimGonzales,82,7270 Garden Lane,,Antioch,CA,94509,,38.0049,-121.8058,Tim,Gonzales,998.680.5986x496,diazkimberly@example.com,3,1342,2650,3975,True,500,True,2024-06-01,1 year,Tim,998.680.5986x496,diazkimberly@example.com
imartinez@example.org,83CA38.0279-121.8847,AlexisFrost,83,7371 River Road,,Pittsburg,CA,94565,,38.0279,-121.8847,Alexis,Frost,(236)476-1904x692,imartinez@example.org,2,2716,1495,2242.5,True,500,True,2024-06-01,1 year,Alexis,(236)476-1904x692,imartinez@example.org
bmorris@example.net,84CA37.9319-121.6958,ElizabethJohnson,84,7472 Forest Street,,Brentwood,CA,94513,,37.9319,-121.6958,Elizabeth,Johnson,(759)252-9348,bmorris@example.net,2,1515,2505,3757.5,True,500,True,2024-06-01,1 year,Elizabeth,(759)252-9348,bmorris@example.net
murillotheresa@example.net,85CA38.0194-122.1341,OliviaWood,85,7573 Lake Avenue,,Martinez,CA,94553,,38.0194,-122.1341,Olivia,Wood,001-955-292-5575x909,murillotheresa@example.net,1,2299,5809,8713.5,True,500,True,2024-06-01,1 year,Olivia,001-955-292-5575x909,murillotheresa@example.net
taylorheather@example.com,86CA37.7799-121.978,PaulDavidson,86,7674 Meadow Lane,,San Ramon,CA,94582,,37.7799,-121.978,Paul,Davidson,(930)683-5605x9326,taylorheather@example.com,3,3296,2300,3450,True,500,True,2024-06-01,1 year,Paul,(930)683-5605x9326,taylorheather@example.com
melissa05@example.org,87CA37.8216-121.9998,DavidGray,87,7775 Park Road,,Danville,CA,94526,,37.8216,-121.9998,David,Gray,(394)297-3414x7637,melissa05@example.org,5,2619,2231,3346.5,True,500,True,2024-06-01,1 year,David,(394)297-3414x7637,melissa05@example.org
carrie30@example.com,88CA37.8858-122.118,BethCarroll,88,7876 Grove Street,,Lafayette,CA,94549,,37.8858,-122.118,Beth,Carroll,315.884.5948x22816,carrie30@example.com,5,2001,2100,3150,True,500,True,2024-06-01,1 year,Beth,315.884.5948x22816,carrie30@example.com
hroach@example.org,89CA37.877-122.1797,RichardJohnston,89,7977 Ridge Road,,Orinda,CA,94563,,37.877,-122.1797,Richard,Johnston,897-518-5480x7308,hroach@example.org,2,1230,3525,5287.5,True,500,True,2024-06-01,1 year,Richard,897-518-5480x7308,hroach@example.org
james51@example.net,90CA37.8349-122.1297,KathrynBarnes,90,8078 Shore Drive,,Moraga,CA,94556,,37.8349,-122.1297,Kathryn,Barnes,+1-928-288-2582x4848,james51@example.net,3,1818,1995,2992.5,True,500,True,2024-06-01,1 year,Kathryn,+1-928-288-2582x4848,james51@example.net
rogerserica@example.net,91CA38.0171-122.2886,RalphHoward,91,8179 Harbor Avenue,,Hercules,CA,94547,,38.0171,-122.2886,Ralph,Howard,581-820-1321x86303,rogerserica@example.net,2,1496,1800,2700,True,500,True,2024-06-01,1 year,Ralph,581-820-1321x86303,rogerserica@example.net
loriwest@example.com,92CA37.9158-122.3108,PaulValencia,92,8280 Summit Street,,El Cerrito,CA,94530,,37.9158,-122.3108,Paul,Valencia,728.532.1889,loriwest@example.com,2,962,2595,3892.5,True,500,True,2024-06-01,1 year,Paul,728.532.1889,loriwest@example.com
hfranklin@example.net,93CA37.8869-122.2977,VirginiaRoberts,93,8381 Vista Road,,Albany,CA,94706,,37.8869,-122.2977,Virginia,Roberts,959-362-2320x893,hfranklin@example.net,4,3471,3319,4978.5,True,500,True,2024-06-01,1 year,Virginia,959-362-2320x893,hfranklin@example.net
scott91@example.org,94CA37.8313-122.2852,GaryHolden,94,8482 Field Avenue,,Emeryville,CA,94608,,37.8313,-122.2852,Gary,Holden,925-239-2648x99705,scott91@example.org,4,1539,1898,2847,True,500,True,2024-06-01,1 year,Gary,925-239-2648x99705,scott91@example.org
shane21@example.org,95CA38.0041-122.2986,MelanieCharles,95,8583 Desert Lane,,Pinole,CA,94564,,38.0041,-122.2986,Melanie,Charles,964.990.3061x9471,shane21@example.org,2,3766,3095,4642.5,True,500,True,2024-06-01,1 year,Melanie,964.990.3061x9471,shane21@example.org
croberts@example.com,96CA37.9622-122.3455,DawnSantiago,96,8684 Cliff Road,,San Pablo,CA,94806,,37.9622,-122.3455,Dawn,Santiago,373-398-2886x198,croberts@example.com,1,2056,1825,2737.5,True,500,True,2024-06-01,1 year,Dawn,373-398-2886x198,croberts@example.com
alicia37@example.com,97CA37.9106-122.274,JoshuaGarcia,97,8785 Woodland Street,,Kensington,CA,94707,,37.9106,-122.274,Joshua,Garcia,221.674.8315,alicia37@example.com,4,1550,1700,2550,True,500,True,2024-06-01,1 year,Joshua,221.674.8315,alicia37@example.com
uwilson@example.org,98CA37.8869-122.2977,CoryMays,98,8886 Mountain Avenue,,Albany,CA,94706,,37.8869,-122.2977,Cory,Mays,555.222.1387,uwilson@example.org,3,3060,2459,3688.5,True,500,True,2024-06-01,1 year,Cory,555.222.1387,uwilson@example.org
shannon22@example.com,99CA37.7652-122.2416,BrianKing,99,8987 Island Road,,Alameda,CA,94501,,37.7652,-122.2416,Brian,King,6972527278,shannon22@example.com,5,1885,3041,4561.5,True,500,True,2024-06-01,1 year,Brian,6972527278,shannon22@example.com
kathleen55@example.com,100CA37.8244-122.2316,AngelaJackson,100,9088 Forest Lane,,Piedmont,CA,94611,,37.8244,-122.2316,Angela,Jackson,+1-404-575-4741x82876,kathleen55@example.com,1,2544,2050,3075,True,500,True,2024-06-01,1 year,Angela,+1-404-575-4741x82876,kathleen55@example.com